STANDARD_NAME	GOBP_CELL_MOTILITY
SYSTEMATIC_NAME	M45163
CATEGORY_CODE	C5
SUB_CATEGORY_CODE	GO:BP
MSIGDB_URL	https://www.gsea-msigdb.org/gsea/msigdb/human/geneset/GOBP_CELL_MOTILITY
CHIP	Human_NCBI_Gene_ID
DESCRIPTION_BRIEF	Any process involved in the controlled self-propelled movement of a cell that results in translocation of the cell from one place to another. [GOC:dgh, GOC:dph, GOC:isa_complete, GOC:mlg]
DESCRIPTION_FULL	
PMID	
GEOID	
AUTHORS	
CONTRIBUTOR	Gene Ontology
CONTRIBUTOR_ORG	Gene Ontology Consortium
EXACT_SOURCE	GO:0048870
FILTERED_BY_SIMILARITY	GO:0016477
EXTERNAL_NAMES_FOR_SIMILAR_TERMS	cell migration
EXTERNAL_DETAILS_URL	http://amigo.geneontology.org/amigo/term/GO:0048870
GENESET_LISTING_URL	
MEMBERS	100,1000,10000,100048912,100126307,100126315,100126335,100126351,10013,100130520,100133267,100133941,10014,10016,100287171,1003,100302153,100302263,100302276,100313843,100423036,100506013,100507588,100528032,100532736,100533105,10059,10076,10082,10092,10094,10096,101,10109,1012,10152,10154,10163,10164,101928697,10193,102,1020,1021,10221,10253,10276,10278,10297,10298,10319,10344,10370,10371,10395,10396,10399,104,10451,10457,10461,10487,10488,10500,10501,10505,10507,10509,10512,10519,10562,10563,10630,10653,10663,10672,10690,10718,10736,10752,10755,10769,10787,10795,10803,10806,1081,10844,10850,10894,109,109136579,10979,10982,11009,11013,11023,11035,11037,11057,11116,11117,11122,1113,11149,11151,11156,11167,11170,11188,11189,11221,11235,11240,1130,11314,11331,114327,114609,114757,114793,114803,114882,115908,115948,116150,116369,116844,116983,117144,117155,117178,117581,117584,119,1201,120114,120425,120892,122394733,122664,1230,1232,1233,1234,1235,1236,1237,1238,1240,124976,126353,1265,126731,126820,1269,127435,127602,1277,1281,1289,129787,130399,131450,131578,132141,133308,133746,134,136242,1364,1365,1366,137970,138429,139212,1398,1399,14,140,140596,140885,1432,1435,1436,1437,1441,144406,144535,1460,146057,146206,146279,1464,146433,146754,146845,147372,147495,147700,148823,1490,149461,1495,1496,1499,150,150159,150483,1511,151195,1512,151254,151354,151647,152007,152015,1524,1525,153090,153769,154313,1545,154754,154796,154810,157285,158747,1588,159296,159686,1600,1601,1602,1605,161142,161198,1613,161514,161582,161742,1621,1630,1634,1636,1641,164395,1647,164714,1649,1652,1667,1672,1673,167826,168667,170302,170825,1729,1761,1767,1768,1769,177,1793,1794,1800,1803,1809,1812,1813,182,1822,183,1839,1843,1845,185,186,1861,1880,1893,1901,1902,1906,1907,1908,1909,1910,1942,1947,1948,1950,1952,1954,1955,1956,1960,196527,196528,196740,1969,199,1991,199223,199731,199953,200373,200576,200894,200933,2011,201161,201163,2013,2017,2018,2022,202243,202500,2028,203074,2039,2041,2042,2043,204474,2046,2047,2048,2049,2050,2059,2066,207,208,2113,2128,2131,2149,2150,2152,2155,2159,2185,2191,2192,2195,2196,219670,2207,221002,221178,221421,221481,221692,221914,221927,222487,223117,2239,2241,2242,2246,2247,2248,2249,2250,2251,2252,2253,2254,2255,225689,2258,2260,2262,2264,2268,2277,22798,22800,22801,22836,22846,22854,22873,22876,2290,22902,22914,22919,2294,22954,2296,22976,22994,22998,2302,23022,2303,23032,2304,23060,23075,23080,2309,23122,23129,23143,2316,23189,2321,23213,23224,23230,23236,23237,2324,23245,23284,23286,23294,23309,23314,23328,23332,2335,23353,23380,23396,23411,23473,2348,23499,2350,23500,23513,23560,2358,23586,23587,23598,23603,23604,23607,23613,23616,23625,23639,23654,23671,23678,23765,23767,23768,240,245937,245940,246176,247,2475,2488,25,2523,2525,2526,2529,2530,2534,253943,253980,2549,255061,255101,255231,255626,257044,257062,257144,25777,25790,25794,25805,25809,25817,25836,25855,25858,25865,25876,25911,259266,25930,25932,25942,25959,25960,25981,26012,26030,26033,26053,26060,26140,261734,2621,2622,26228,2624,2625,26271,26281,2629,26291,26330,2637,26468,2650,2651,2658,26585,2660,266727,2668,2674,2676,2683,2697,27,27006,27019,27023,27035,27086,2712,27161,27185,2719,27202,27237,27285,27286,27289,27302,27329,27342,27347,2737,2752,2768,2771,2796,2811,2813,2817,2821,2822,2823,2826,2829,283,2833,283629,2838,284,284067,284076,2841,284114,284119,284217,284340,284361,284403,285,285025,2852,285313,285335,285588,285966,286077,286204,286205,286207,286464,286527,2867,2876,2886,2887,28956,2896,28981,28984,29072,29085,2909,29105,29108,29119,29126,2919,2920,2921,2931,29775,29941,29948,29956,29967,29984,29999,30009,30011,30012,301,3036,3037,3055,306,3065,3066,3071,3074,30812,30817,3082,3084,309,3091,3146,3148,3162,3164,3175,3202,3204,3219,324,326,3265,3269,3273,328,3280,3301,3309,3315,3320,335,3357,3362,3371,3373,338,3383,338879,3397,339829,340533,340719,343472,345651,3458,345895,346288,347,347732,347733,3479,348,3480,348110,3486,3488,3489,3491,349633,350,351,3552,3553,3554,3565,3569,357,3570,3576,3577,3579,358,3586,3592,3593,3603,3605,3611,3621,3622,3627,3630,3633,3640,3642,3643,3655,3670,3672,3673,3675,3676,3678,3679,3680,3683,3685,3687,3688,3689,3690,3691,3693,3694,3695,3696,3717,3725,3728,374768,374969,375056,375611,377630,378,378807,378938,3791,3796,3815,382,3849,3852,3868,387,387119,387695,387712,388,388364,388372,389,389320,389549,3897,390,390664,3908,3909,391,3910,3911,3912,3913,3914,3915,3918,392255,3929,393,3932,3936,3948,3952,3958,3964,3965,397,3975,399,399687,399949,4000,400581,401024,4015,4017,4035,4041,405753,4067,406888,406890,406893,406902,406903,406904,406913,406915,406917,406921,406922,406928,406929,406932,406935,406937,406938,406941,406942,406943,406948,406949,406950,406954,406955,406958,406961,406964,406968,406972,406976,406980,406982,406983,406984,406985,406987,406989,406990,406991,406992,406994,406996,4070,407000,407004,407006,407007,407008,407010,407012,407015,407018,407019,407021,407022,407024,407026,407029,407032,407035,407037,407040,407046,407048,407050,4088,409,4092,411,4131,4139,414062,414325,4150,4162,4163,4184,4192,4204,4208,4215,4223,4233,4248,4249,4254,4267,4282,4283,4286,429,4301,4303,4313,4316,4318,4321,4323,4345,4354,4363,440335,441531,441631,442890,442891,442893,442904,442906,442909,4478,4486,4488,460,4615,4627,4638,4641,4653,4677,4680,4681,4690,4692,472,473,4739,474,4756,4763,4771,4773,4780,480,4804,4808,4814,482,4825,4838,4846,4851,4856,4897,4902,4908,4915,4916,4920,4921,4929,493,494323,494328,494336,4967,498,4983,5025,5028,5031,503618,5048,50487,50488,50506,50512,5054,5058,506,5063,5080,50848,50859,51057,5108,51094,51119,51135,51157,51176,51177,51192,51225,51286,51314,51378,51411,5142,51421,51466,51473,51474,5154,5155,51554,5156,51561,51564,51571,5159,51676,5168,5170,51742,5175,5176,51765,51804,5191,5194,5196,5197,5216,5217,5228,5232,5270,5286,5287,5288,5290,5291,5293,5294,5295,5300,5308,5319,5327,5328,5335,5336,5339,5340,5354,5360,5361,5362,5364,5365,5371,538,53905,5414,5420,54209,54210,54328,54345,54361,54437,54443,54453,54509,54514,54538,5454,54541,5455,54566,54567,5457,54585,5467,5468,5473,54763,54764,54777,5478,5479,54795,54820,54828,54859,54908,54910,54970,54986,55036,55079,55140,55171,55172,55198,55246,55294,5530,55329,55333,554212,554213,55435,55466,5547,55512,55558,55567,55604,55612,55616,55619,55660,55698,55704,55726,55740,55742,55749,55779,5578,55789,558,5580,5581,5584,55841,55845,5585,5586,5587,55870,5588,55894,55897,5590,55909,5592,55920,5594,5595,56034,5604,5605,5606,5607,5613,56171,56253,56254,5626,56271,5629,5641,56413,5646,56477,5649,5657,566,5663,5670,56751,56833,56920,56940,56999,57007,57057,57091,57111,57118,57119,57124,57126,57142,57144,57147,57152,57175,57178,57214,57216,5724,5728,57326,5734,57343,57381,57402,574030,57406,57413,5743,574408,574411,574434,574444,574449,574450,574452,574453,574456,574457,574474,574480,574482,57449,574501,574506,574508,57464,57465,5747,575,57509,57522,5753,57531,5754,57556,57580,57591,57608,57630,5764,57662,57669,57698,57707,57715,5781,57826,5787,5788,5792,5793,5795,5796,5797,5800,5801,581,58158,58191,582,5829,583,5830,58494,58495,585,58515,58516,58531,5861,5872,5879,5880,5894,59,5911,5912,5919,5926,59277,5928,5931,59341,59352,596,5962,5979,5991,60,60626,60672,6091,6093,613,619552,6198,6223,623,6237,6239,6273,6278,6279,6280,6282,6283,6286,6288,6317,634,6346,6347,6348,6349,6351,6352,6354,6355,6356,6357,6358,6359,6360,6361,6362,6363,6364,6366,6367,6368,6369,6370,6372,6373,6374,6375,6376,6382,6383,6385,6386,6387,63916,63923,63940,63978,64005,6401,6402,6403,6404,6405,6406,6407,64083,64094,64115,64127,64147,641517,64218,6422,642273,6423,64285,643,64321,6441,644168,64426,6446,644890,64518,64581,6469,646960,647135,64750,64805,6484,64919,6495,6496,6497,650,65009,6504,65125,652,653,653464,6546,6548,655,6558,657,6585,6586,659,6591,65979,65992,6608,6615,6624,664616,6648,6652,6653,6654,6656,6662,6663,6667,667,6672,6678,6688,6693,6695,6714,6722,6729,673,6750,6754,6772,6774,6776,6777,6781,6789,6792,6793,6810,682,683,6833,684,6846,6850,6865,6868,6869,6870,6899,6900,6910,6915,692094,693173,693175,693223,693225,693235,694,6997,7010,7015,7016,7018,7026,7040,7042,7046,7048,7049,7057,706,7060,7070,7074,7075,7076,708,7080,7082,7099,71,7101,7110,7114,7122,7124,7126,7128,7130,7141,7143,7145,7155,7162,7168,7179,719,7205,7226,7262,7264,727,727764,728,7280,728358,7291,729230,7301,7320,7369,7399,7401,7409,7410,7412,7414,7422,7423,7424,7429,7448,7454,7474,7476,7481,7494,7499,752,7525,753,7531,7535,7763,7784,780,7803,7804,7852,7857,7869,79143,79148,7941,79567,79582,79585,79595,796,79625,79645,79647,79685,79729,7976,79767,79772,79791,79812,79834,7984,79846,79872,79890,79899,79902,79925,79932,80005,80014,80024,80031,80128,8013,80139,80149,80199,80217,80258,80270,80310,80312,80725,8074,8092,81,81029,811,81285,81492,815,8153,81565,816,81610,81704,8174,81792,81873,81892,8195,8239,8287,8288,8320,8322,83478,83481,83482,83483,83639,83659,83666,83692,83700,83706,83853,83881,8394,8403,84034,84071,84074,84144,84159,84223,84229,8428,84299,84312,8434,8440,84466,8452,84522,8455,8456,84612,84623,84628,84675,84687,8473,84750,8476,84818,8482,84830,84892,84904,84913,84940,84962,84978,85015,8503,8519,8525,85329,85360,85407,85413,8543,85438,85440,85451,85458,85478,85508,857,8600,8613,8632,8633,8642,8646,8650,8660,8692,8701,8717,8729,8740,8742,8751,8754,8764,8766,8772,8784,8792,8817,8819,8822,8823,8826,8828,8829,8840,8846,885,8851,8852,886,8861,8874,8877,8879,889,8895,8911,8929,8941,8976,89766,89795,89796,89927,8994,8995,90,90102,9023,9034,90355,9037,90417,9043,9048,9050,90550,90627,90668,9076,9079,90865,9087,91,91010,9104,9124,9148,91584,91624,91662,91663,9168,9181,91862,91978,9201,9219,9231,9241,9255,9270,92737,92749,928,9289,9294,9314,93185,9344,93492,9350,9353,9358,93649,93663,9368,9370,9373,9389,94,9404,9420,9423,94241,9435,9448,9464,9466,947,9475,9480,949,9510,9530,9547,9564,9576,9578,958,9585,9590,9592,960,961,9620,9647,967,9672,9693,972,9723,9732,9734,9747,9748,975,9750,977,9806,983,9839,9844,9856,9860,9863,9901,9922,9928,9943,9948,9965,998,9982,999
MAPPED_SYMBOLS	ADA,CDH2,AKT3,CDKN2B-AS1,MIR892B,MIR665,MIR543,MIR939,HDAC6,CD300H,DEFB130B,CD24,HDAC5,PDCD6,WASHC1,CDH5,MIR1298,MIR1908,MIR1290,MIR711,MIR2355,APELA,TGFBR3L,KLRC4-KLRK1,MICOS10-NBL1,C8orf44-SGK3,DNM1L,PTPRU,GPC6,ARPC5,ARPC3,ACTR3,ADAM8,ARPC2,CDH13,ABI2,PLXNC1,WASF2,CHST4,,RNF41,ADAM10,CDK5,CDK6,TRIB1,SPRY2,NET1,EFS,APC2,PAK4,LAMC3,CCL26,CITED2,SEMA3A,DLC1,ATP8A1,RACK1,ADARB1,VAV3,GPNMB,MERTK,CAP1,CREB3,SEMA6C,SEMA6B,SEMA4F,SEMA4D,SEMA4B,SEMA3C,CIB1,OLFM4,CXCL13,PDPN,SPINT2,CXCR6,GNA13,FUT9,NRG3,SIX2,CHL1,GIPC1,PLK2,NCKAP1,ZNF268,CCR9,SDCCAG8,CGA,TUBGCP2,CCL27,LYVE1,ADCY3,TALAM1,FERMT2,MAPRE2,IL24,TMSB15A,VAX1,RIPK3,STON1,ABHD2,CEP43,EMILIN1,PTPRT,CHGA,BVES,CORO1A,PTP4A3,FSTL1,FAM107A,NISCH,CELF3,DUSP10,PDCD10,PADI2,LYST,CD300A,PHB2,EFHC1,TIRAP,CYGB,FMNL2,MYSM1,OSBPL8,CTHRC1,ODAD3,NUS1,SLC26A8,LRG1,ACAP3,CATSPER1,CATSPER2,SSX2IP,TWIST2,RFFL,ADD2,CLN3,FAT3,JAML,LRRK2,,TPPP2,CCR1,CCR3,CCR4,CCR5,CCR6,CCR7,CCR8,ACKR2,CMKLR1,SPNS2,MISP,CNN2,CCSAP,DNAI3,CNR2,PODN,DNAH14,COL1A1,COL3A1,COL5A1,TMEM18,ACVR1C,CD200R1,LRRC15,IQCF1,SLC9B2,JMY,ADORA1,PRSS37,CLDN4,CLDN3,CLDN7,UNC5D,PIP5KL1,DNAAF6,CRK,CRKL,AAMP,ADORA3,DEFB104A,SIRPA,MAPK14,CSF1,CSF1R,CSF2,CSF3R,CFAP251,CFAP54,CSNK2B,TTBK2,CARMIL2,TEKT5,CSPG4,IL34,DNAH2,CFAP52,CCBE1,APCDD1,KLC3,GCSAML,CCN2,CLDN19,CTNNA1,CTNNA2,CTNNB1,ADRA2A,SLC9B1,TEKT4,CTSG,CCNYL1,CTSH,C2CD6,LRATD1,TAFA4,GLIPR2,ROPN1B,CX3CR1,CXADR,DAB2IP,SH3RF2,CFAP206,CYP1B1,PRSS3P2,AMOT,AMOTL1,PRAG1,MOSPD2,CYP19A1,NKX2-3,CFAP58,DAB1,DAB2,DACH1,DAG1,GARIN2,CLEC14A,DAPK3,TBC1D21,DNAAF4,SPRED1,DBH,DCC,DCN,ACE,DCX,TTLL9,GADD45A,TTLL8,DDIT3,DDT,DEFA1,DEFB1,DEFB4A,OLIG3,BMPER,ARX,GSX2,DIAPH1,DMRT1,DNAH5,DNAH6,DNAH8,AGER,DOCK1,DOCK2,DPEP1,DPP4,DPYSL3,DRD1,DRD2,JAG1,ATN1,AGT,HBEGF,DUSP1,DUSP3,AGTR1,AGTR2,TOR1A,GPR183,ECM1,S1PR1,LPAR1,EDN1,EDN2,EDN3,EDNRA,EDNRB,EFNA1,EFNB1,EFNB2,EGF,CELSR2,MEGF8,MEGF9,EGFR,EGR3,ANO6,ARID2,VSTM4,EPHA2,AIF1,ELANE,TTC21A,CADM4,TMEM201,CFAP221,PIKFYVE,ARL13B,FBXO45,MARK2,CENPV,FLCN,EMP2,CTTN,EMX2,ENG,CCDC125,TCTE1,ENPEP,PRSS55,DMTN,EPHA1,EPHA3,EPHA4,PDILT,EPHA8,EPHB1,EPHB2,EPHB3,EPHB4,EPS8,ERBB4,AKT1,AKT2,ETS1,EVX1,EXT1,F2R,F2RL1,F3,F7,F10,PTK2B,FAP,FBLN1,FAT1,FAT2,ENKUR,FCER1G,RASGEF1A,SPATA13,RSPH9,ARMC12,PHACTR1,GPC2,BRAT1,ADGRG3,SEMA3D,GPC4,FER,FES,FGF1,FGF2,FGF3,FGF4,FGF5,FGF6,FGF7,FGF8,FGF9,FGF10,MAPK15,FGF13,FGFR1,GPC5,FGFR4,FGR,VEGFD,LAMB4,RRAS2,ITGA11,RHOBTB3,VASH1,NTNG1,DZIP1,INPP5F,FOXG1,RUFY3,KLRK1,MAPRE1,FOXF1,TRIM32,FOXC1,PAXIP1,CEP131,LIMCH1,FOXJ1,PALLD,FOXC2,USP33,FOXE1,ZNF609,SWAP70,AVL9,FOXO3,CLASP2,PLXND1,LRCH1,FLNA,KANK1,FLT1,SULF1,SYNE2,VPS13A,PLCB1,ARC,FLT4,ASTN2,ADGRL3,WWC1,ANKS1A,SIN3B,SATB2,SASH1,CLASP1,FN1,SUN1,SRGAP2,PIP5K1C,SIRT1,CAPN7,FOLR1,MACF1,FOLR2,DAAM2,SCRIB,GTPBP4,FPR2,DDX58,ELP5,PATZ1,CORO1C,DAPK2,CD2AP,ZMYND8,SH3BP1,FAM89B,DNAAF11,PLXNB2,TMEFF2,SGK3,IL17RA,FLRT3,FLRT2,ALOX5,DEFB124,DEFB130A,GAS2L2,ALOX15B,MTOR,FSHB,ABL1,FUT1,FUT3,FUT4,FUT7,FUT8,FYN,YTHDF3,KCTD13,GAB1,TAC4,CFAP65,MCOLN2,H2BC1,CATSPERE,CATSPERD,GCSAM,SUN2,CFAP45,FSCN2,BAMBI,TTLL1,TAFA5,NIPBL,BRMS1,CATSPERZ,PRKD2,SPEF1,DPCD,ASPM,PTPN23,CLIC4,SIN3A,KANK2,ADGRA2,DNAH1,NSMF,PLEKHG3,ATRNL1,AUTS2,APPL1,TTLL3,NPHP4,GAS6,GAS8,STAP1,GATA2,GATA3,FBXO5,FGF20,GBA,FGF21,GAPDHS,GBX2,LHX6,GCNT1,GCNT2,GDF2,GREM1,MSTN,MDGA1,GDNF,GFRA1,GFRA3,B4GALT1,GJA1,ABL2,FGF22,DNAI1,FOXB1,NOX1,FOXP1,GK2,AGO2,DISC1,GPC3,C5AR2,ARHGEF16,TEKT2,SRPX2,RND1,BMP10,ANGPTL3,RABGEF1,STK39,GLI3,GLUL,GNA12,GNAI2,GNRH1,GP1BA,GP2,GPC1,GPI,GPLD1,GPM6A,CCR10,XCR1,ANG,CXCR3,TSSK4,GPR15,ANGPT1,CFAP97D1,TTLL6,GPR18,TMEM102,CAVIN1,LAMA1,CXCL17,EMC10,WDR62,ANGPT2,CCDC141,GPER1,IGSF10,SLC9C1,EFCAB9,TCAF2,FAM83H,CRB2,SCAI,CFAP157,CFAP47,TMSB15B,FFAR2,GPX1,GRB7,GRB10,LAMTOR2,GRN,IFT81,RGCC,SETD2,PHPT1,ARHGAP35,CFAP20,PYCARD,CTNNA3,CD274,CXCL1,CXCL2,CXCL3,GSK3A,CARD10,PKN3,OSGIN1,CERS2,LRP12,RHOD,FSCN3,TBX21,SH3KBP1,TLX3,ANXA1,HAS1,HAS2,HCK,ANXA3,HDAC1,HDAC2,NCKAP1L,HEXB,SOX8,ADGRE2,HGF,NRG1,ANXA6,HIF1A,HMGB1,HMGB2,HMOX1,NR4A1,ONECUT1,HOXA5,HOXA7,HOXB9,APC,AIRE,HRAS,HRH1,HRG,APEX1,HES1,DNAJA1,HSPA5,HSPB1,HSP90AA1,APOA1,HTR2B,HTR6,TNC,HYAL1,APOB,ICAM1,RNASE10,ID1,CCDC39,NEXMIF,NANOS1,BARHL2,ACTBL2,IFNG,RSPH4A,SEPTIN14,APOD,CATSPER3,TUBB2B,IGF1,APOE,IGF1R,ARPIN,IGFBP3,IGFBP5,IGFBP6,CCN1,PLET1,APOH,APP,IL1A,IL1B,IL1R1,IL4,IL6,SHROOM2,IL6R,CXCL8,CXCR1,CXCR2,AQP1,IL10,IL12A,IL12B,IL16,IL17A,ILK,ING1,ING2,CXCL10,INS,INPP5B,INSL3,INSM1,INSR,ITGA6,ISL1,ITGA1,ITGA2,ITGA3,ITGA4,ITGA5,ITGA7,ITGA9,ITGAL,ITGAV,ITGAX,ITGB1,ITGB2,ITGB3,ITGB4,ITGB5,ITGB6,ITGB7,ITGB8,JAK2,JUN,JUP,SPEM1,SVBP,MIA3,SLC26A5,USP17L2,ARF4,CATSPER4,MALAT1,KDR,KIF2A,KIT,ARF6,KRT2,KRT5,KRT16,RHOA,CEP85L,C10orf99,ENO4,RHOB,TMIGD1,,RHOC,TEX43,FEZF1,L1CAM,RND3,C1QTNF8,LAMA2,LAMA3,RHOG,LAMA4,LAMA5,LAMB1,LAMB2,LAMB3,LAMC1,LAMC2,GDF6,LBP,ARHGAP4,LCK,LCP1,LDHC,LEP,LGALS3,LGALS8,LGALS9,ARHGDIB,LHX1,RHOH,MYO18A,HOATZ,LMNA,GRAPL,FSIP2,LOX,LOXL2,LRP1,LRP5,DUOXA2,LYN,MIRLET7F1,MIRLET7G,MIR101-1,MIR10A,MIR10B,MIR1-1,MIR126,MIR128-1,MIR129-1,MIR132,MIR133A1,MIR137,MIR138-1,MIR140,MIR143,MIR145,MIR146A,MIR149,MIR150,MIR152,MIR15A,MIR15B,MIR16-1,MIR181A2,MIR181B1,MIR182,MIR185,MIR188,MIR193A,MIR196A1,MIR199A1,MIR19B1,MIR20A,MIR200A,MIR200B,MIR200C,MIR204,MIR206,MIR208A,MIR21,MIR210,MIR212,MIR214,TACSTD2,MIR218-1,MIR22,MIR221,MIR222,MIR223,MIR23A,MIR24-1,MIR26A1,MIR27A,MIR27B,MIR29A,MIR296,MIR29B1,MIR29C,MIR30A,MIR30C2,MIR31,MIR320A,MIR34A,MIR9-1,MIR92A1,MIR93,SMAD3,ARRB2,SMAD7,ARSB,MAP1B,MARK1,CCL3L3,DEFB103A,MAZ,MCAM,MCC,SMCP,MDK,MECP2,MEF2C,MAP3K3,MEOX2,MET,MGAT3,MGAT5,KITLG,CD99,MIF,CXCL9,MITF,ASCL1,AFDN,FOXO4,MMP2,MMP7,MMP9,MMP12,MMP14,CD200,MPP1,ABCC1,SMIM22,PGAM4,TSPAN11,MIR133B,MIR135B,MIR151A,MIR335,MIR338,MIR342,MSN,MST1R,MSX2,ASTN1,MYD88,MYH9,MYLK,MYO1C,MYOC,NARS1,CEACAM6,NBL1,NCK1,NDN,ATM,RERE,NEDD9,ATOH1,NEO1,NF1,NF2,NFATC2,NFE2L2,ATP1A4,NGFR,NHLH2,NINJ1,ATP1B2,NKX6-1,NODAL,NOS3,NOTCH1,CCN3,NRCAM,NRTN,NTF3,NTRK2,NTRK3,ROR2,DDR2,NR4A2,ATP2B4,MIR361,MIR379,MIR424,OGDH,ATP5F1A,OPHN1,P2RX4,P2RY1,P2RY6,DEFB104B,PAFAH1B1,PLA2G3,MINK1,DUOX2,PODXL2,SERPINE1,PAK1,ATP5F1B,PAK3,PAX6,F11R,SPOCK3,WDPCP,PCM1,ADIPOR1,SBDS,IRAK4,ZNF580,LEF1,PLEKHO1,CKLF,ABI3,CEND1,NME8,ANGPT4,BIN2,PDE4B,AMOTL2,EVL,DCDC2,LIMA1,PDGFA,PDGFB,ACKR4,PDGFRA,IL23A,HDAC7,CYRIB,PDGFRB,ASB2,ENPP2,PDPK1,ARID4B,PECAM1,SERPINF1,STK26,SIX4,PEX7,PEX13,PF4,PF4V1,PFN1,PFN2,PGF,PGK2,SERPINE2,PIK3C2A,PIK3C2B,PIK3C2G,PIK3CA,PIK3CB,PIK3CD,PIK3CG,PIK3R1,PIN1,PITX2,PLA2G1B,PLAT,PLAU,PLCG1,PLCG2,PLEC,PLG,PLP1,PLTP,PLXNA1,PLXNA2,PLXNB1,PLXNB3,PML,ATP7A,DUOX1,SEPTIN4,PODXL,TREM2,TREM1,GPR173,SOX18,WNT4,SEMA5B,ANLN,RIN2,RHOF,DDX4,ROBO4,POU3F2,DDIT4,POU3F3,EPB41L4B,DLL4,POU4F1,LZTFL1,PPARD,PPARG,PPBP,ROPN1,ZRANB1,CFAP46,PPIA,PPIB,TRPM4,NDE1,BCAS3,ELP6,SPDL1,SEMA4C,TTC12,ULK4,CCDC40,FEZF2,ELP3,TBCCD1,DNAAF2,APPL2,CCDC25,FBXW7,PPP3CA,MNS1,SYNJ2BP,MIR448,MIR449A,AP1AR,DNAJA4,PRCP,SMPD3,PLXNA3,DNAH3,CARMIL1,FERMT1,ASAP3,DOCK10,PRPF40A,RADIL,CCDC88A,INTS13,ENAH,PARVA,CCAR1,CFAP44,PRKCA,DEPDC1B,AXL,PRKCD,PRKCE,PRKCI,WWC3,BRK1,PKN1,PKN2,PRKD1,ASH1L,PRKCQ,DEFB103B,MESP1,PRKCZ,BIN3,PRKG1,RCC2,MAPK1,MAPK3,PDGFC,MAP2K1,MAP2K2,MAP2K3,MAP2K5,PRKX,DNAH7,CRTAM,RNF20,PROP1,BEX4,PROX1,LGMN,LTB4R2,PRSS3,CCL28,RELN,PRTN3,AZU1,PSEN1,PSG2,BARHL1,SLAMF8,SEMA3G,DUSP22,ADAMTS9,ACKR3,TBX20,CASS4,RAB25,CAMK1D,EPPIN,CD248,CD177,RTN4,PAK5,SCYL3,SLURP1,CORO1B,ZMIZ1,CEMIP,VANGL2,PTAFR,PTEN,PBXIP1,PTGER4,ZNF304,RHOJ,S100A14,MIR362,ABHD6,TMIGD3,PTGS2,MIR329-1,MIR451A,MIR410,MIR491,MIR492,MIR493,MIR494,MIR495,MIR497,MIR181D,MIR518B,MIR519D,MIR520D,PLEKHG5,MIR499A,MIR503,MIR505,STRIP2,TBC1D24,PTK2,ADGRB1,MTUS1,SRGAP1,PTK6,HACE1,PTK7,SEMA6A,PREX1,MRTFA,JCAD,SH3RF1,PTN,CAMSAP3,EPB41L5,SHTN1,MEAK7,SEMA4G,PTPN11,RAP2C,PTPRB,PTPRC,PTPRF,PTPRG,PTPRJ,PTPRK,PTPRM,PTPRO,PTPRR,BAX,NEUROD4,CXCL16,BBS1,PXN,BBS2,PEX5,JAM2,OVOL2,BBS4,SELENOK,SINHCAF,PRM3,RAB1A,RAB13,RAC1,RAC2,RAF1,ACTA2,RAP2A,RAP2B,RARRES2,ARID4A,NTN4,RBBP4,RBBP7,TRPV4,LGR6,BCL2,RDX,RET,RFX3,ACTB,RIC8A,MIIP,ROBO1,ROCK1,BCR,MIR483,RPS6KB1,RPS19,BDKRB1,RRAS,RREB1,S100A2,S100A7,S100A8,S100A9,S100A11,S100A12,S100P,SAA1,SERPINB3,CEACAM1,CCL1,CCL2,CCL3,CCL3L1,CCL4,CCL5,CCL7,CCL8,CCL11,CCL13,CCL14,CCL15,CCL16,CCL17,CCL18,CCL19,CCL20,CCL21,CCL22,CCL23,CCL24,CCL25,CXCL6,CXCL11,CXCL5,XCL1,CX3CL1,SDC1,SDC2,SDC4,SDCBP,CXCL12,ELMO2,TNN,GPSM3,PRDM14,MYO1G,SELE,SELL,SELP,SELPLG,SEMA3F,SEMG1,SEMG2,GOLPH3,SMOC2,VSIR,NOD2,KIF9,DEFB109B,SEMA4A,SFRP1,FAM110C,SFRP2,RHBDF1,CXCR5,SOX17,SFTPD,DRGX,SUDS3,SGK1,MEIG1,TEKT3,CLEC7A,SHH,PRSS56,SRGAP2B,SMURF2,P2RY12,ST3GAL4,BCL11B,SIX1,SIX3,SKI,BMP2,NDRG4,SLAMF1,WNK1,BMP4,BMP5,SRGAP2C,SLC8A1,SLC9A1,BMP7,SLC12A2,BMPR1A,SLIT1,SLIT3,BMPR2,SNAI2,PHACTR4,DDRGK1,SMO,SNAI1,FSCN1,MIR487B,SOD2,SORD,SORL1,SOS1,SOX1,SOX9,SOX10,SP1,DST,SP100,SPARC,SPI1,SPN,SPOCK1,SRC,SRF,SRP54,BRAF,SST,SSTR4,STAT1,STAT3,STAT5A,STAT5B,STC1,STK4,CDKL5,STK10,STX4,BSG,BST1,ABCC8,BST2,XCL2,SYK,TACR2,ADAM17,TACR1,TACR3,TBX1,CNTN2,TBX5,TBXA2R,MSMP,MIR588,MIR590,MIR638,MIR640,MIR92B,BTG1,TDGF1,TEK,TERT,TESK1,TF,NR2F2,TGFB1,TGFB2,TGFBR1,TGFBR2,TGFBR3,THBS1,TSPO,THBS4,THY1,TIAM1,TIE1,TIMP1,C1QBP,NKX2-1,TJP1,TLR4,ACTG1,NR2E1,TMF1,TMSB4X,CLDN5,TNF,TNFAIP1,TNFAIP3,TNFAIP6,TNP1,TNR,TNS1,TOP2B,TPBG,TPM1,TPTE,C3AR1,TRIP6,TRPM2,PHLDA2,GFUS,C5,MAFIP,C5AR1,TUBB2A,DEFA1B,TWIST1,CCR2,TYRO3,UBE2B,UMOD,USH2A,CLRN1,VAV1,VAV2,VCAM1,VCL,VEGFA,VEGFB,VEGFC,VIL1,VTN,WAS,WNT5A,WNT7A,WNT11,XBP1,XG,FMNL1,YES1,LDLRAD4,YWHAE,ZAP70,ZFAND5,ZP3,DDR1,PTP4A1,LRP8,CXCR4,SCG2,SEMA3B,MBOAT7,MMP28,PLA2G7,RIPOR1,SPAG16,CORO7,SAP130,CALCA,NDNF,CLXN,AKIRIN1,SAP30L,SH3D21,FZD3,ELMO3,MCTP1,FBXO31,MMRN2,PEAK1,ARHGEF5,CFAP69,CBLL1,RIN3,PRR5L,NUP85,SPEF2,KIAA0319L,DOCK5,WWC2,SLC8B1,SEMA6D,TRIM46,NR4A3,ZNF703,ZC3H12A,FUZ,CFAP43,EFHC2,HSD3B7,PDGFD,TET1,SRCIN1,FGF23,ALX1,ACTN4,WNT5B,CALR,OR51E2,RSPH6A,CAMK2A,RND2,NDEL1,CAMK2B,FAM83D,DOCK8,MADCAM1,ADAMTS12,ARPC5L,SLIRP,MKKS,USP9X,USP9Y,EPX,EOMES,FZD4,ARHGAP24,EPPK1,SCRT1,PLVAP,TEX101,TEKT1,PARP9,CD99L2,JAM3,FERMT3,ROPN1L,MIXL1,PIP5K1A,SOX14,EMILIN2,ARMC2,QRICH2,SYDE2,ARID5B,IQCG,DRC7,STK24,MIEN1,BRMS1L,RECK,NCK2,MEGF10,CUL3,JAGN1,ATRN,FOXN1,PARD6B,KIRREL3,NTNG2,TRIM55,PPP1R9B,OGT,FUT10,CDC42BPA,IL17RC,SEMA7A,ADTRP,POMGNT2,ARHGEF39,ATOH8,CORO6,AJUBA,FRMD5,USP45,PIK3R3,IFITM1,DGKZ,LGALS12,SYDE1,NKD1,SLC22A16,LMO4,CABS1,DOCK7,UNK,DIXDC1,CCDC65,SCRT2,CAV1,TNFSF11,PLPP3,DNAH17,UNC5C,DCHS1,CHRD,NUMB,IRS2,HYAL2,DNAH11,TRADD,GBF1,TNFSF14,TNFSF12,ADAM15,ADAM9,TNFRSF14,RAB11A,FADD,TNFRSF18,TNFRSF11A,FGF18,SAP30,FGF17,FGF16,IQGAP1,NRP2,NRP1,CCN4,ALKBH1,CCK,CDK5R1,AKAP4,CCKAR,LDB1,ARHGEF7,SPHK1,SGPL1,KRIT1,CPNE3,CACNA1I,PHOX2B,CDK5R2,WASL,UMODL1,NAV3,NAV1,BMERB1,LIMD1,TNFSF18,ACVR1,PHLDB2,CH25H,CCRL2,MACIR,SEMA5A,KNSTRN,SPAG9,ARTN,PSTPIP2,MCU,STARD13,CARMIL3,CLDN1,LDB2,IL33,TMSB4Y,ACVR1B,FMNL3,RGN,PDLIM1,NEURL1,PLXNA4,NEXN,NLRP12,MYADM,TMSB10,ARHGEF2,MARVELD3,TPGS1,DCLK1,MTA2,DLG5,NOG,AIMP1,ITGB1BP1,DNER,DRC1,CD9,ADGRG1,S1PR2,KLF4,IGSF8,TAOK2,TPTE2,CER1,SLIT2,ITGBL1,MYOCD,ARHGAP18,SLC9A3R1,ADIPOQ,PLAA,SLC22A14,ACVRL1,LPXN,CYP7B1,NTN1,TP53INP1,CHST2,MAP4K4,HAND2,IL27RA,CD34,ROCK2,ONECUT2,SCARB1,ADAMTS1,BAG4,CXCL14,BCAR1,SPAG6,CDC42BPB,CD40,KIF20B,AKAP12,IER2,CD44,CD47,CELSR1,PPM1F,CD63,SDC3,RAPGEF2,CD74,SEMA3E,DOCK4,HDAC9,TCAF1,SLK,CD81,RIPOR2,CD151,SPOCK2,CDK1,ZEB2,ELMO1,KIAA0319,LRIG2,MAGI2,SRGAP3,IQSEC1,KIF14,OXSR1,WDR1,FGF19,CDC42,FGFBP1,CDH1
